ID,Name,Email,Phone,status
1,วราภรณ์ รื่นเริง,waraporn12@example.com,0811000012
2,สมหญิง สวยงาม,somying2@example.com,0811000002,process
3,อนุชา แก้วใส,anucha3@example.com,0811000003,process
4,ปาริชาติ รักเรียน,parichat4@example.com,0811000004,process
5,วีระชัย กล้าหาญ,weerachai5@example.com,0811000005,process
6,จารุวรรณ น่ารัก,charuwan6@example.com,0811000006,process
7,ประเสริฐ สุขใจ,prasert7@example.com,0811000007,process
8,สุนิสา ใจดี,soonee8@example.com,0811000008,process
9,ชาญชัย แข็งแรง,chanachai9@example.com,0811000009,process
10,จิราภรณ์ สดใส,jiraporn10@example.com,0811000010,process
11,กิตติพงษ์ กล้าแกร่ง,kittipong11@example.com,0811000011,process
12,วราภรณ์ รื่นเริง,waraporn12@example.com,0811000012,process
13,ธนวัฒน์ ปัญญา,thanawat13@example.com,0811000013,process
14,สุดารัตน์ สดชื่น,sudarat14@example.com,0811000014,process
15,ปรีชา กล้าหาญ,precha15@example.com,0811000015,process
16,พิมพ์ใจ อ่อนโยน,pimjai16@example.com,0811000016,process
17,วิรัตน์ ใจกล้า,wirat17@example.com,0811000017,process
18,อรวรรณ อ่อนหวาน,orawan18@example.com,0811000018,process
19,ณรงค์ฤทธิ์ แข็งแรง,narongrit19@example.com,0811000019,process
20,กัญญารัตน์ สดใส,kanyarath20@example.com,0811000020,process
21,ภานุวัฒน์ กล้าหาญ,phanawat21@example.com,0811000021,process
22,อัมพร สวยงาม,umporn22@example.com,0811000022,process
23,วรชัย แกร่งกล้า,vorachai23@example.com,0811000023,process
24,อรอุมา ใจดี,oruma24@example.com,0811000024,process
25,ปกรณ์ กล้าแกร่ง,pakorn25@example.com,0811000025,process
26,สุชาดา น่ารัก,suchada26@example.com,0811000026,process
27,ทวีศักดิ์ กล้าหาญ,taweesak27@example.com,0811000027,process
28,จิตรลดา สดใส,jitlada28@example.com,0811000028,process
29,ชัยวัฒน์ แข็งแรง,chaiwat29@example.com,0811000029,process
30,อมราภรณ์ อ่อนโยน,amornporn30@example.com,0811000030,process
31,อาทิตย์ กล้าแกร่ง,arthit31@example.com,0811000031,process
32,ปิยรัตน์ สดชื่น,piyarat32@example.com,0811000032,process
33,วีรยุทธ กล้าหาญ,weerayut33@example.com,0811000033,process
34,สุพัตรา สวยงาม,supatra34@example.com,0811000034,process
35,อนุชา ใจดี,anucha35@example.com,0811000035,process
36,จิราพร อ่อนหวาน,jiraporn36@example.com,0811000036,process
37,กิตติ กล้าหาญ,kitti37@example.com,0811000037,process
38,สุดารัตน์ สดใส,sudarat38@example.com,0811000038,process
39,ประเสริฐ แข็งแรง,prasert39@example.com,0811000039,process
40,วราภรณ์ น่ารัก,waraporn40@example.com,0811000040,process
41,ธนวัฒน์ กล้าแกร่ง,thanawat41@example.com,0811000041,process
42,พิมพ์ใจ สดชื่น,pimjai42@example.com,0811000042,process
43,วิรัตน์ กล้าแกร่ง,wirat43@example.com,0811000043,process
44,อรวรรณ อ่อนโยน,orawan44@example.com,0811000044,process
45,ณรงค์ฤทธิ์ แข็งแรง,narongrit45@example.com,0811000045,process
46,กัญญารัตน์ สดใส,kanyarath46@example.com,0811000046,process
47,ภานุวัฒน์ กล้าหาญ,phanawat47@example.com,0811000047,process
48,อัมพร สวยงาม,umporn48@example.com,0811000048,process
49,วรชัย แข็งแรง,vorachai49@example.com,0811000049,process
50,อรอุมา ใจดี,oruma50@example.com,0811000050,process
